자치구,PET 총량,PET 량(공공처리),PET 량(위탁),CAN 총량,CAN 량(공공처리),CAN 량(위탁),구별_총생활인구수_평균,구별_연령대0_생활인구_평균,구별_연령대10_생활인구_평균,구별_연령대20_생활인구_평균,구별_연령대30_생활인구_평균,구별_연령대40_생활인구_평균,구별_연령대50_생활인구_평균,구별_연령대60_생활인구_평균,구별_연령대70_생활인구_평균,1인가구,2인가구,3인가구,4인가구,5인가구,6인가구,7인 이상 가구,유흥주점영업,단란주점,제과점영업,집단급식소,일반음식점,휴게음식점,연령대_100_거주인구수,구별_연령대0_거주인구_평균,구별_연령대10_거주인구_평균,구별_연령대20_거주인구_평균,구별_연령대30_거주인구_평균,구별_연령대40_거주인구_평균,구별_연령대50_거주인구_평균,구별_연령대60_거주인구_평균,구별_연령대70_거주인구_평균,구별_연령대80_거주인구_평균,구별_연령대90_거주인구_평균
종로구,738.5999999999999,219.3,519.3,443.5,138.9,304.6,245102708.75748065,6419988.627898925,11451350.547035484,44254820.730701074,47020295.38962258,47776180.9204613,39724078.44318925,25311729.30662043,23144264.824525807,1528.4117647058824,957.7058823529412,640.1176470588235,451.70588235294116,119.23529411764706,25.88235294117647,6.470588235294118,380,350,181,246,12775,2780,5.46524064171123,424.3208556149733,627.524064171123,1358.0160427807486,1153.8877005347592,1261.0,1473.4652406417113,1189.957219251337,699.6310160427807,355.7700534759358,57.29946524064172
중구,712.8,565.9,146.9,484.4,373.3,111.1,182205439.787425,3481592.538596739,5243441.456910869,31903311.551219568,43241259.04095978,40056306.07555761,29576182.990803264,16677377.346694564,12025968.8005,1521.2,998.5333333333333,620.0666666666667,408.93333333333334,95.0,23.0,4.866666666666666,345,96,209,276,8783,3475,6.260606060606061,432.1818181818182,441.83636363636367,1223.4727272727273,1329.3030303030305,1177.012121212121,1351.4303030303029,1190.2,693.0969696969697,324.6424242424243,55.4969696969697
용산구,973.0,764.8,208.2,469.9,301.8,168.1,174801100.1053,8302748.3230131585,11158111.407442106,29463593.057807893,36120961.18394474,31691328.10228948,25371459.626702636,16704456.808831578,15988441.593194736,2305.0625,1621.3125,1103.4375,733.3125,175.75,35.3125,6.375,20,86,92,128,3517,881,8.920454545454547,815.2159090909091,942.193181818182,2082.443181818182,2375.125,2163.818181818182,2281.630681818182,1814.6477272727277,1027.75,534.6818181818181,90.01136363636364
성동구,1671.3,1149.5,521.8,931.7,454.6,477.1,186960565.95038697,12935447.156,13139381.260799998,32290141.68961739,33994023.923947826,30320094.56233478,27046053.460600004,18988270.61602609,18247153.245891303,2505.0,1904.0,1471.9411764705883,1033.4117647058824,215.0,45.94117647058823,11.882352941176471,38,42,78,154,2657,641,6.272727272727273,1159.9090909090908,1135.8128342245989,2600.828877005348,2801.604278074866,2586.470588235294,2741.8930481283423,2195.0748663101604,1194.0695187165777,518.4652406417113,67.57754010695187
광진구,1315.5,0.0,1315.5,552.8,0.0,552.8,206947489.45005333,12817450.649673335,18108539.441926666,38706539.56686,34636568.49090667,32057115.59706,30041773.74248,21410794.95673333,19168706.97408,4153.4,2425.3333333333335,1811.6,1386.2666666666667,290.26666666666665,56.4,15.533333333333333,13,66,92,142,3300,935,6.351515151515152,1229.4666666666667,1682.448484848485,4146.884848484849,3673.7454545454543,3414.696969696969,3596.430303030303,2903.733333333333,1472.460606060606,612.9757575757576,81.96363636363637
동대문구,1632.7,594.8,1037.9,778.3,239.8,538.5,223341883.53826,12819667.155973334,17062005.215193335,40277470.76090667,33803607.21986667,33231037.75396,32422571.91956667,25677545.43995333,28047978.05922667,4351.785714285715,2629.9285714285716,1937.142857142857,1394.857142857143,332.35714285714283,75.85714285714286,19.0,61,93,83,181,3775,939,8.74025974025974,1424.642857142857,1653.5909090909092,4018.3116883116886,3519.0129870129867,3534.6103896103896,3747.025974025974,3361.6363636363635,1968.831168831169,843.5974025974026,104.71428571428572
중랑구,1924.0,1458.9,465.1,705.4000000000001,368.3,337.1,192412039.8202875,13495900.0669875,14824362.03055,25210752.90659375,28879233.03929375,28794213.10468125,31897180.076918747,24745303.986175,24565094.54315,3537.8125,2848.5,2038.25,1455.9375,334.0,69.1875,18.3125,16,77,70,159,2728,593,6.454545454545454,1373.0,1620.284090909091,3449.840909090909,3573.5625,3529.1477272727275,4265.329545454545,3742.4829545454554,1951.7329545454545,765.5852272727273,100.66477272727272
성북구,951.8,0.0,951.8,585.4,0.0,585.4,189594060.3369321,12229771.5836283,19111385.682128303,37053629.84971887,27370456.141333964,27874219.91451132,26123429.485118862,18790415.810433965,21040751.81417736,3075.5,2284.65,1826.95,1397.7,318.65,63.6,15.95,11,69,90,179,3292,933,7.454545454545455,1409.090909090909,1828.768181818182,3306.9909090909086,2957.3045454545454,3428.2954545454545,3460.6545454545458,2807.9954545454543,1642.8136363636363,733.4863636363636,100.78181818181818
강북구,1147.1,0.0,1147.1,193.6,0.0,193.6,195865295.67514285,12354688.149164286,15959004.556942856,26102237.368471425,24977747.42395,29521165.00284285,31176521.53367857,24936432.272235718,30837499.39107857,3514.230769230769,2802.4615384615386,1943.1538461538462,1333.7692307692307,311.38461538461536,64.3076923076923,15.692307692307692,61,110,69,153,3336,626,6.573426573426573,1136.4405594405594,1635.909090909091,3219.8251748251746,2897.853146853147,3466.293706293706,3990.993006993007,3600.2727272727275,2272.7832167832166,928.7902097902098,111.6013986013986
도봉구,771.8,0.0,771.8,353.5,0.0,353.5,172029454.46850714,11918634.983642858,15418226.5155,20809907.98665,22233957.451271422,25338272.345764287,27646044.627564285,23381478.36771429,25282932.188621428,2491.714285714286,2654.714285714286,2047.0,1506.357142857143,319.85714285714283,61.142857142857146,16.5,19,44,71,174,2030,525,9.12987012987013,1265.428571428571,1771.4545454545455,3024.2597402597407,2839.993506493506,3360.1363636363635,4016.363636363637,3628.3831168831166,1967.5,864.0974025974026,119.62337662337664
노원구,1587.0,0.0,1587.0,958.1,0.0,958.1,234251674.86039472,18076559.050594736,28942339.05361053,31026059.941568423,28474828.187842105,36050159.79881579,35502029.1611579,27200821.28538947,28978878.390678942,2970.4210526315787,2852.684210526316,2404.2105263157896,1989.157894736842,373.7368421052632,63.63157894736842,14.31578947368421,14,30,93,189,2187,768,7.593301435406698,1662.2248803827752,2705.6076555023924,3754.8995215311006,3348.2775119617227,4392.540669856459,4588.913875598086,3670.253588516746,1964.88038277512,895.4545454545455,133.01435406698565
은평구,1970.1999999999998,937.9,1032.3,654.9,422.0,232.9,238261728.53561875,17518531.03336875,22790607.61696875,30008067.6241875,35698141.4637125,38140641.4246375,35562616.20036875,27778003.7636125,30765119.36729375,3615.8125,3408.875,2529.0,1820.3125,433.0,86.6875,20.5625,62,101,132,188,2873,866,16.198863636363637,1775.1420454545455,2357.204545454545,4134.051136363636,4206.829545454545,4684.051136363636,4811.022727272727,4126.0,2423.9772727272725,1032.6079545454545,129.1875
서대문구,1412.1,0.0,1412.1,524.0,0.0,524.0,258197475.33583847,12792362.4057,20263798.831011537,57080385.011865385,44457204.57856154,40309414.56144615,35378615.84631154,23301498.103988465,24614195.936657693,3561.6428571428573,2400.785714285714,1828.2142857142858,1340.642857142857,301.57142857142856,61.42857142857143,13.714285714285714,48,49,136,208,5051,1603,10.2987012987013,1384.6818181818182,1643.0324675324675,3533.337662337662,3178.824675324676,3292.935064935065,3483.9220779220777,2805.435064935065,1687.1233766233763,821.8961038961039,111.85714285714286
마포구,1786.8,0.0,1786.8,717.4,0.0,717.4,249763599.6284683,15911890.448475609,19602946.682163417,47382307.59790244,48050266.13621219,43120006.56862927,32679896.223117072,21449135.441639025,21567150.547017075,3948.25,2535.5625,1843.125,1357.875,290.875,53.1875,13.6875,53,66,172,157,6075,1373,9.028409090909092,1509.8352272727273,1751.5056818181818,3856.409090909091,3992.090909090909,3771.9375,3413.744318181818,2533.6988636363635,1482.0852272727273,706.1931818181818,100.46022727272728
양천구,1567.8,0.0,1567.8,789.6,0.0,789.6,186970948.6973389,16227239.844033334,25294479.370583333,21053680.48351111,24950036.074466664,32140965.94595556,27738822.404116668,20380481.522727776,19185242.977161117,2190.8888888888887,2394.5555555555557,2250.1666666666665,1932.7222222222222,374.6111111111111,66.38888888888889,15.166666666666666,3,47,93,161,2106,656,5.095959595959595,1693.3939393939393,2774.575757575758,3248.7878787878785,3143.494949494949,4308.868686868687,4234.126262626263,3303.3838383838383,1606.4949494949497,614.7777777777778,93.95959595959596
강서구,1706.3,1080.8,625.5,909.0,370.6,538.4,261905891.8017788,22831027.992151517,22332772.01655757,35797894.63643031,47569026.99365757,44097299.6504606,35728960.83295152,27667210.402857576,25881699.268660605,4308.6,3258.75,2386.05,1779.9,383.65,70.8,17.1,68,82,157,260,3637,1121,5.972727272727273,1895.236363636364,2197.159090909091,4321.954545454546,4912.486363636363,4499.409090909091,4242.5,3921.418181818181,1954.9136363636364,762.6909090909091,125.3909090909091
구로구,1644.9,1158.2,486.7,761.0,416.3,344.7,235660739.21182945,19073860.427929413,18849728.73777647,30308150.961788237,40213801.13882353,40068920.58508823,34807379.538899995,26822368.601017646,25516529.18594706,3185.6875,2844.875,2165.3125,1609.1875,359.75,72.5,17.875,24,68,96,224,3228,778,4.787878787878787,1599.6909090909091,1883.6666666666667,3529.5333333333333,3862.260606060606,3940.872727272728,4048.036363636364,3696.10303030303,2080.9757575757576,779.9878787878788,98.34545454545454
금천구,811.7,0.0,811.7,332.2,0.0,332.2,191544411.19141,9676037.96839,11042999.92652,30525498.99892,37054965.61921,32747561.0456,30668359.53841,21635636.228600003,18193351.86721,4233.4,2633.1,1822.6,1286.3,291.3,59.2,16.9,59,87,80,230,3444,906,6.890909090909091,1198.3545454545454,1424.3727272727272,3715.0454545454554,3588.9727272727278,3210.672727272727,3957.6272727272726,3407.6818181818185,1794.5636363636363,672.4272727272727,87.13636363636364
영등포구,1974.0,1615.3,358.7,732.3,427.7,304.6,277167878.9573467,16086740.955837777,16002825.109508889,47003885.857597776,60934067.83345112,48158181.71646222,39062303.74031111,26762147.508631118,23157726.24446,3555.5555555555557,2273.6666666666665,1687.2777777777778,1202.8333333333333,240.05555555555554,50.888888888888886,11.222222222222221,241,227,145,241,5523,1722,5.904040404040404,1405.560606060606,1326.9949494949497,3281.2878787878785,3851.984848484849,3103.20202020202,3133.181818181818,2656.5353535353534,1499.1212121212122,648.0909090909091,84.67171717171716
동작구,1550.2,0.0,1550.2,734.1,0.0,734.1,238242361.68662772,16311635.107094444,18580671.34561111,44338187.17106667,39123387.78626111,35423637.712294444,31870330.133955557,25591995.744327776,27002516.651894443,4273.4,2765.9333333333334,2127.866666666667,1588.6,343.53333333333336,69.6,15.066666666666666,44,36,116,179,2841,903,11.842424242424244,1577.909090909091,1818.5636363636363,4364.866666666667,4093.412121212121,3859.5272727272727,3867.0,3339.2909090909093,1979.581818181818,820.1818181818182,118.53333333333332
관악구,2877.2,0.0,2877.2,1160.1,0.0,1160.1,195641779.49521905,9750590.03297619,13071000.054290475,43833062.04942857,36245986.69877143,28129074.06072857,24679599.48155238,19282880.06502381,20649587.063785717,6205.227272727273,2668.590909090909,1598.090909090909,1099.6818181818182,247.63636363636363,53.31818181818182,11.818181818181818,125,67,109,138,3493,880,6.670995670995671,992.3809523809524,1321.991341991342,5171.12987012987,4087.60606060606,3176.398268398268,3204.2943722943724,2844.878787878788,1750.6450216450216,651.7922077922078,79.28571428571429
서초구,776.5,0.0,776.5,888.9,0.0,888.9,289261012.21846086,21477656.746095654,25055388.58847826,39574427.75020435,52423160.48451739,55821626.78688696,41573755.953,28264859.425847825,25070136.46351739,2441.222222222222,2159.277777777778,1935.5555555555557,1671.7222222222222,366.27777777777777,78.44444444444444,20.77777777777778,45,77,182,238,4647,1610,7.51010101010101,1809.030303030303,2491.69696969697,2968.373737373737,3394.974747474748,4225.580808080808,3497.5,2671.843434343434,1506.919191919192,557.0909090909091,98.03535353535354
강남구,2680.0,0.0,2680.0,1897.7,0.0,1897.7,296939198.7486226,20940284.602883868,30653910.9015871,43153974.64753871,54798382.80600968,56312864.25364516,39242833.51708709,27129539.56916774,24707408.36321613,3088.9565217391305,2316.304347826087,1915.0434782608695,1620.5217391304348,336.3478260869565,64.69565217391305,16.130434782608695,90,118,223,231,5771,1807,7.380165289256198,1610.495867768595,2672.537190082645,3263.657024793388,3594.235537190083,4458.074380165289,3677.685950413223,2756.2768595041325,1562.074380165289,555.900826446281,101.38429752066116
송파구,2382.6,0.0,2382.6,1266.5,0.0,1266.5,247406514.88682663,20632298.62646667,23200268.98788,32589967.53784333,44135390.688716665,42650712.84392,35636169.22948,26691309.85829667,21870397.03259,2729.4074074074074,2463.074074074074,2118.1111111111113,1729.7407407407406,350.25925925925924,66.77777777777777,15.444444444444445,38,62,113,167,2761,958,5.279461279461279,1812.1313131313127,2147.313131313131,3407.107744107744,3989.164983164983,3990.821548821549,3762.3872053872055,3195.505050505051,1514.4983164983164,539.9326599326599,93.25925925925924
강동구,2886.3,0.0,2886.3,988.1,0.0,988.1,244825051.7662056,19658075.47718889,24327748.833583336,28516119.98025,38012653.71415,40519803.38584444,36576133.869444445,30115754.36257222,27098762.12401111,2795.3333333333335,2652.0555555555557,2191.5,1747.5,369.94444444444446,68.94444444444444,15.666666666666666,89,60,103,181,2612,748,7.919786096256684,1740.2727272727273,2023.2566844919788,3324.0641711229946,3850.807486631016,3938.636363636364,3873.9732620320856,3550.4652406417117,1719.106951871658,605.9786096256685,101.42245989304811
